<?xml version="1.0"?>
<!DOCTYPE StGermainData SYSTEM "stgermain.dtd">

<StGermainData xmlns="http://www.vpac.org/StGermain/XML_IO_Handler/Jun2003">

   <list name="import">
      <param>Underworld</param>
   </list>

   <include>Underworld/BaseApps/ThermalConvection.xml</include>

   <list name="plugins" mergeType="merge">
      <struct>
         <param name="Type">StgFEM_FrequentOutput</param>
         <param name="Context">context</param>
      </struct>
      <struct>
         <param name="Type">Underworld_Nusselt</param>
         <param name="Context">context</param>
         <param name="GaussSwarm">gaussSwarm</param>
      </struct>
      <struct>
         <param name="Type">Underworld_Vrms</param>
         <param name="Context">context</param>
         <param name="GaussSwarm">gaussSwarm</param>
         <param name="VelocityField">VelocityField</param>
      </struct>
      <struct>
         <param name="Type">StgFEM_CPUTime</param>
         <param name="Context">context</param>
      </struct>
   </list>

   <struct name="components" mergeType="merge">
      <struct name="context">
         <param name="Type">UnderworldContext</param>
      </struct>
      <struct name="temperatureDependence">
         <param name="Type">FrankKamenetskii</param>
         <param name="TemperatureField">TemperatureField</param>
         <param name="eta0">2.51e14</param>
         <param name="theta">13.815510558</param>
      </struct>
      <struct name="nonNewtonian">
         <param name="Type">NonNewtonian</param>
         <param name="StrainRateInvariantField">StrainRateInvariantField</param>
         <param name="stressExponent">2.4</param>
      </struct>
      <struct name="shape">
         <param name="Type">Everywhere</param>
      </struct>
      <struct name="material">
         <param name="Type">RheologyMaterial</param>
         <param name="Shape">shape</param>
         <list name="Rheology">
            <param>temperatureDependence</param>
            <param>nonNewtonian</param>
         </list>
      </struct>
   </struct>

   <!-- Simulation control -->
   <param name="maxTimeSteps">200000</param>
   <param name="outputPath">./output</param>
   <param name="dumpEvery">1</param>
   <param name="checkpointEvery">0</param>

   <!--   choose what to checkpoint
   <list name="FieldVariablesToCheckpoint">
      <param>VelocityField</param>
      <param>VelocityGradientsField</param>
   </list>
   -->

   <!--  restart from a previous checkpoint 
   <param name="restartTimestep">10</param>
   -->
   
   <param name="Ra">3.162278e7.0</param>
   
   <param name="courantFactor">0.25</param>
   
   <!-- Journal Control -->
   <param name="journal.info.Context-verbose">True</param>
   <param name="journal-level.info.Stg_ComponentFactory">0</param>
   <param name="journal.debug">f</param>
   <param name="journal-enable-branch.debug.StgFEM">f</param>
   <param name="journal-level-branch.debug.StgFEM">0</param>
   
   <!-- Geometry & Mesh setup -->
   <param name="dim">2</param>
   <param name="elementResI">32</param>
   <param name="elementResJ">32</param>
   <param name="elementResK">1</param>
   <param name="shadowDepth">1</param>
   <param name="minX">0.0</param>
   <param name="minY">0.0</param>
   <param name="minZ">0.0</param>
   <param name="maxX">1.0</param>
   <param name="maxY">1.0</param>
   <param name="maxZ">1.0</param>
   <param name="allowUnbalancing">True</param>

   <!-- Set up BCs and ICs -->
   <include>Underworld/VariableConditions/temperatureBCs.xml</include>
   <include>Underworld/VariableConditions/temperatureICs.sinusoid.xml</include>
   <include>Underworld/VariableConditions/velocityBCs.freeslip.xml</include>

   <!-- Integration Scheme configuration -->
   <param name="particlesPerCell">20</param>

   <!-- Visualisation stuff -->
   <include>Underworld/Viewports/TemperatureAndVelocityArrowsVP.xml</include>
   <include>gLucifer/window.xml</include>
   <struct name="components" mergeType="merge">
      <struct name="window" mergeType="merge">
         <param name="Viewport">TemperatureAndVelocityArrowsVP</param>
      </struct>
   </struct>
 
</StGermainData>
