<!--    Thermochemical convection benchmark as detailed in
        P.E. van Keken et al, 'A comparison of methods for 
		the modelling of thermochemical convection', JGR, 1997  -->
		
<StGermainData xmlns="http://www.vpac.org/StGermain/XML_IO_Handler/Jun2003">

        <list name="import">
                <param> Underworld </param>
        </list>
 
 	<include>Underworld/BaseApps/ThermoChem.xml</include>

	<list name="plugins" mergeType="merge">
		<!-- Output Plugins -->
		<struct>
			<param name="Type">StgFEM_FrequentOutput</param>
			<param name="Context">context</param>
		</struct>
		<struct>
			<param name="Type">Underworld_Nusselt</param>	
			<param name="Context">context</param>
			<param name="GaussSwarm">gaussSwarm</param>
		</struct>
		<struct>
			<param name="Type">Underworld_Vrms</param>
			<param name="Context">context</param>
			<param name="GaussSwarm">gaussSwarm</param>
			<param name="VelocityField">VelocityField</param>
		</struct>
		<struct>
			<param name="Type">Underworld_Entrainment</param>
			<param name="Context">context</param>
			<param name="MaterialPointsSwarm">materialSwarm</param>
			<param name="EntrainedMaterial">denseLayer</param>
		</struct>
		<struct>
			<param name="Type">StgFEM_CPUTime</param>
			<param name="Context">context</param>
		</struct>
	</list>

    <!-- Configure entrainment -->
	<param name="EntrainmentY">0.2</param>
    <param name="EntrainmentDirPositive">True</param>

	<struct name="components" mergeType="merge">
		<struct name="context">
			<param name="Type">UnderworldContext</param>
		</struct>
		<struct name="buoyancyForceTerm" mergeType="replace">
			<param name="Type">BuoyancyForceTermThermoChem</param>
			<param name="ForceVector">mom_force</param>
			<param name="TemperatureField">TemperatureField</param>
			<param name="Swarm">picIntegrationPoints</param>
			<param name="RaT">RaT</param>
			<param name="RaC">RaC</param>
		</struct>
	</struct>

	<struct name="components" mergeType="merge">
		<!-- Background Material Stuff -->
		<struct name="backgroundShape">
			<param name="Type">Everywhere</param>
		</struct>	
		<struct name="ambientViscosity">
			<param name="Type">MaterialViscosity</param>
			<param name="eta0">1.0</param>
		</struct>
		<struct name="ambient">
			<param name="Type">RheologyMaterial</param>
			<param name="Shape">backgroundShape</param>
			<param name="density">0.0</param>
			<param name="alpha">1.0</param>
			<param name="Rheology">ambientViscosity</param>
		</struct>

		<!-- Dense Layer Material Stuff -->
		<struct name="denseLayerViscosity">
			<param name="Type">MaterialViscosity</param>
			<param name="eta0">1.0</param>
		</struct>
		<struct name="box">
			<param name="Type">Box</param>
			<param name="startX"> minX </param> <param name="endX"> maxX </param>
			<param name="startY"> minY </param> <param name="endY"> 0.025 </param>
		</struct>
		<struct name="denseLayer">
			<param name="Type">RheologyMaterial</param>
			<param name="Shape">box</param>
			<param name="density">1.0</param>
			<param name="alpha">1.0</param>
			<param name="Rheology">denseLayerViscosity</param>
		</struct>		
	</struct>

	<!-- Simulation control -->
	<param name="stopTime"> 0.035 </param> <!-- time to stop the simulation -->
	<param name="outputPath"> ./output/ </param>
	<param name="dumpEvery"> 10 </param>	
	<param name="checkpointEvery"> 0 </param>

        <!--   choose what to checkpoint
	<list name="FieldVariablesToCheckpoint">
		<param>VelocityField</param>
		<param>VelocityGradientsField</param>
	</list>
	-->

        <!--  restart from a previous checkpoint 
        <param name="restartTimestep"> 10 </param>
         -->
	
	<param name="RaT"> 3.0e5 </param>	
	<param name="RaC"> 4.5e5 </param>	
	<param name="courantFactor"> 0.25 </param>	

	<!-- Journal Parameters -->
	<param name="journal.info.Context-verbose">True</param>
	<param name="journal-level.info.Stg_ComponentFactory">2</param>
	<param name="journal.debug">f</param>
	<param name="journal-enable-branch.debug.StgFEM">f</param>
	<param name="journal-level-branch.debug.StgFEM"> 2 </param>	
	
	<!-- Geometry & Mesh setup -->
	<param name="dim"> 2 </param>
	<param name="elementResI"> 64 </param>
	<param name="elementResJ"> 32 </param>
	<param name="elementResK"> 1 </param>
	<param name="shadowDepth"> 1 </param>
	<param name="minX"> 0.0 </param>
	<param name="minY"> 0.0 </param>
	<param name="minZ"> 0.0 </param>
	<param name="maxX"> 2.0 </param>
	<param name="maxY"> 1.0 </param>
	<param name="maxZ"> 1.0 </param>
	<param name="allowUnbalancing"> True </param>

	<!-- Swarm parameters -->
	<param name="particlesPerCell"> 20 </param>

	<!-- Set up BCs -->
	<include> Underworld/VariableConditions/temperatureBCs.xml </include>
	<include> Underworld/VariableConditions/temperatureICs.analytic.xml </include>
	<include> Underworld/VariableConditions/velocityBCs.freeslip.xml </include>

	<!-- Visualisation stuff -->
	<include>Underworld/Viewports/TemperatureAndVelocityArrowsVP.xml</include>
	<include>Underworld/Viewports/ParticleDensityVP.xml</include>
	<include>gLucifer/window.xml</include>
	<struct name="components" mergeType="merge">
      <struct name="camera" mergeType="merge">
      	<param name="translateZ" mergeType="replace">-2.4386</param>
      </struct>

		<struct name="window" mergeType="merge">
			<param name="Viewport">TemperatureAndVelocityArrowsVP ParticleDensityVP</param>
		</struct>
	</struct>
 
</StGermainData>
