<?xml version="1.0"?>
<!DOCTYPE StGermainData SYSTEM "stgermain.dtd">
<!-- A StGermain input file -->
<!-- DTD to validate against -->
<StGermainData xmlns="http://www.vpac.org/StGermain/XML_IO_Handler/Jun2003">

   <list name="plugins" mergeType="merge">
      <struct>
         <param name="Type">Underworld_HDF5ConditionFunction</param>
         <param name="FeVariableHDF5Filename">./tempIC/TemperatureField.00700.h5</param>
         <param name="MeshHDF5Filename" >./tempIC/Mesh.linearMesh.00700.h5</param>
         <param name="TargetFeVariable" >TemperatureField</param>
      </struct>
   </list>

   <struct name="temperatureICs">
      <param name="type">CompositeVC</param>
      <list name="vcList">
         <struct>
            <param name="type"> AllNodesVC </param>
            <list name="variables">
               <struct>
               <param name="name">temperature</param>
               <param name="type">func</param>
               <param name="value">HDF5ConditionFunction</param>
            </struct>
            </list>
         </struct>
      </list>
   </struct>

</StGermainData>
